{
  "GameType": "Assessment",
  "NodeList": [
    {
      "nodeid": 1334,
      "nodetype": "Resource",
      "nodetitle": "Find Word",
      "nodekeywords": "Find Word",
      "nodeeage": "2",
      "nodedesc": "4",
      "nodeimage": "Find-Word.png",
      "nodeserverimage": "http://www.prodigi.openiscool.org/repository/KKSImages/Find-Word.png",
      "resourceid": "7948",
      "resourcetype": "Game",
      "resourcepath": "A_findWordAssessment/index.html",
      "nodeserverpath": "",
      "level": 1,
      "parentid": 1312
    },
    {
      "nodeid": 1335,
      "nodetype": "Resource",
      "nodetitle": "Pictionary",
      "nodekeywords": "Pictionary",
      "nodeeage": "2",
      "nodedesc": "3",
      "nodeimage": "pictionary_icon.png",
      "nodeserverimage": "http://www.prodigi.openiscool.org/repository/KKSImages/pictionary_icon.png",
      "resourceid": "7947",
      "resourcetype": "Game",
      "resourcepath": "A_ShowMe(ASSESSMENT)/index.html",
      "nodeserverpath": "",
      "level": 1,
      "parentid": 1312
    },
    {
      "nodeid": 1336,
      "nodetype": "Resource",
      "nodetitle": "Rhyme And Spell",
      "nodekeywords": "Rhyme And Spell",
      "nodeeage": "2",
      "nodedesc": "5",
      "nodeimage": "RhymeAndSpell.png",
      "nodeserverimage": "http://www.prodigi.openiscool.org/repository/KKSImages/RhymeAndSpell.png",
      "resourceid": "7950",
      "resourcetype": "Game",
      "resourcepath": "A_ListenAndSpellAssessment/index.html",
      "nodeserverpath": "",
      "level": 1,
      "parentid": 1312
    },
    {
      "nodeid": 1337,
      "nodetype": "Resource",
      "nodetitle": "Read With Me",
      "nodekeywords": "Read With Me",
      "nodeeage": "2",
      "nodedesc": "6",
      "nodeimage": "yourTurn1_icon.jpg",
      "nodeserverimage": "http://www.prodigi.openiscool.org/repository/KKSImages/yourTurn1_icon.jpg",
      "resourceid": "7953",
      "resourcetype": "Game",
      "resourcepath": "A_YourTurn(ASSESSMENT)Version2/index.html",
      "nodeserverpath": "",
      "level": 1,
      "parentid": 1312
    },
    {
      "nodeid": 1339,
      "nodetype": "Resource",
      "nodetitle": "Flip It",
      "nodekeywords": "Flip It",
      "nodeeage": "2",
      "nodedesc": "7",
      "nodeimage": "flipIt_icon.png",
      "nodeserverimage": "http://www.prodigi.openiscool.org/repository/KKSImages/flipIt_icon.png",
      "resourceid": "7952",
      "resourcetype": "Game",
      "resourcepath": "A_flipItAssmnt/index.html",
      "nodeserverpath": "",
      "level": 1,
      "parentid": 1312
    },
    {
      "nodeid": 1338,
      "nodetype": "Resource",
      "nodetitle": "Who Am I?",
      "nodekeywords": "Who Am I?",
      "nodeeage": "2",
      "nodedesc": "3",
      "nodeimage": "WhoAmI.png.png",
      "nodeserverimage": "http://www.prodigi.openiscool.org/repository/KKSImages/WhoAmI.png.png",
      "resourceid": "7951",
      "resourcetype": "Game",
      "resourcepath": "A_English_Who_Am_I_Assessment/index.html",
      "nodeserverpath": "",
      "level": 1,
      "parentid": 1312
    }
  ]
}