{
  "GameType": "Assessment",
  "NodeList": [
    {
      "nodeid": 1329,
      "nodetype": "Resource",
      "nodetitle": "Find Word",
      "nodekeywords": "Find Word",
      "nodeeage": "1",
      "nodedesc": "4",
      "nodeimage": "Find-Word.png",
      "nodeserverimage": "http://www.prodigi.openiscool.org/repository/KKSImages/Find-Word.png",
      "resourceid": "7948",
      "resourcetype": "Game",
      "resourcepath": "A_findWordAssessment/index.html",
      "nodeserverpath": "",
      "level": 1,
      "parentid": 1311
    },
    {
      "nodeid": 1330,
      "nodetype": "Resource",
      "nodetitle": "Pictionary",
      "nodekeywords": "Pictionary",
      "nodeeage": "1",
      "nodedesc": "3",
      "nodeimage": "pictionary_icon.png",
      "nodeserverimage": "http://www.prodigi.openiscool.org/repository/KKSImages/pictionary_icon.png",
      "resourceid": "7947",
      "resourcetype": "Game",
      "resourcepath": "A_ShowMe(ASSESSMENT)/index.html",
      "nodeserverpath": "",
      "level": 1,
      "parentid": 1311
    },
    {
      "nodeid": 1331,
      "nodetype": "Resource",
      "nodetitle": "Rhyme And Spell",
      "nodekeywords": "Rhyme And Spell",
      "nodeeage": "1",
      "nodedesc": "5",
      "nodeimage": "RhymeAndSpell.png",
      "nodeserverimage": "http://www.prodigi.openiscool.org/repository/KKSImages/RhymeAndSpell.png",
      "resourceid": "7950",
      "resourcetype": "Game",
      "resourcepath": "A_ListenAndSpellAssessment/index.html",
      "nodeserverpath": "",
      "level": 1,
      "parentid": 1311
    },
    {
      "nodeid": 1333,
      "nodetype": "Resource",
      "nodetitle": "Your Turn",
      "nodekeywords": "Your Turn",
      "nodeeage": "1",
      "nodedesc": "6",
      "nodeimage": "yourTurn1_icon.png",
      "nodeserverimage": "http://www.prodigi.openiscool.org/repository/KKSImages/yourTurn1_icon.png",
      "resourceid": "7953",
      "resourcetype": "Game",
      "resourcepath": "A_YourTurn(ASSESSMENT)Version1/index.html",
      "nodeserverpath": "",
      "level": 1,
      "parentid": 1311
    },
    {
      "nodeid": 1332,
      "nodetype": "Resource",
      "nodetitle": "Rhyme N Show",
      "nodekeywords": "Rhyme N Show",
      "nodeeage": "1",
      "nodedesc": "5",
      "nodeimage": "Rhyme_N_Show.jpg",
      "nodeserverimage": "http://www.prodigi.openiscool.org/repository/KKSImages/Rhyme_N_Show.jpg",
      "resourceid": "7949",
      "resourcetype": "Game",
      "resourcepath": "A_Rhyme_N_Show_Assessment/index.html",
      "nodeserverpath": "",
      "level": 1,
      "parentid": 1311
    }
  ]
}