{
  "GameType": "Assessment",
  "NodeList": [
    {
      "nodeid": 1326,
      "nodetype": "Resource",
      "nodetitle": "Show Rhymes",
      "nodekeywords": "Show Rhymes",
      "nodeeage": "0",
      "nodedesc": "1",
      "nodeimage": "showMeCover.png",
      "nodeserverimage": "http://www.prodigi.openiscool.org/repository/KKSImages/showMeCover.png",
      "resourceid": "7954",
      "resourcetype": "Game",
      "resourcepath": "A_ShowRhymes/index.html",
      "nodeserverpath": "",
      "level": 1,
      "parentid": 1310
    },
    {
      "nodeid": 1327,
      "nodetype": "Resource",
      "nodetitle": "Find Alphabets",
      "nodekeywords": "Find Alphabets",
      "nodeeage": "0",
      "nodedesc": "2",
      "nodeimage": "Find-Alphabets.png",
      "nodeserverimage": "http://www.prodigi.openiscool.org/repository/KKSImages/Find-Alphabets.png",
      "resourceid": "7946",
      "resourcetype": "Game",
      "resourcepath": "A_ShowMeLetter(Assessment)/index.html",
      "nodeserverpath": "",
      "level": 1,
      "parentid": 1310
    },
    {
      "nodeid": 1328,
      "nodetype": "Resource",
      "nodetitle": "Pictionary",
      "nodekeywords": "Pictionary",
      "nodeeage": "0",
      "nodedesc": "3",
      "nodeimage": "pictionary_icon.png",
      "nodeserverimage": "http://www.prodigi.openiscool.org/repository/KKSImages/pictionary_icon.png",
      "resourceid": "7947",
      "resourcetype": "Game",
      "resourcepath": "A_ShowMe(ASSESSMENT)/index.html",
      "nodeserverpath": "",
      "level": 1,
      "parentid": 1310
    }
  ]
}