{
    "storyLanguage": "English",
    "CodeList": [
        {
            "lang": "English",
            "questionList": {
                "1": "Can you recognize nursery rhymes?",
                "2": "Can you recognize alphabets?",
                "3": "Can you name pictures?",
                "4": "Can you read words?",
                "5": "Can you make rhyming words?",
                "6": "Can you read sentences?",
                "7": "Can you understand sentences?"
            },
            "answerList": {
                "1": "Can recognize nursery rhymes.",
                "2": "Can recognize alphabets",
                "3": "Can name pictures",
                "4": "Can read words",
                "5": "Can make rhyming words",
                "6": "Can read sentences",
                "7": "Can understand sentences"
            }
        },
        {
            "lang": "Marathi",
            "questionList": {
                "1": "तुम्हाला इंग्रजी बाल गीते ओळखता येतात का?",
                "2": "तुम्हाला इंग्रजी अक्षरे ओळखता येतात का?",
                "3": "तुम्हाला चित्रांची इंग्रजी नावे माहित आहेत का?",
                "4": "तुम्हाला इंग्रजी शब्द वाचता येतात का?",
                "5": "तुम्हाला जुळणारे शब्द बनविता येतात का?",
                "6": "तुम्हाला सोपी वाक्ये वाचता येतात का?",
                "7": "तुम्हाला सोप्या वाक्यांचा अर्थ समजतो का?"
            },
            "answerList": {
                "1": "इंग्रजी बाल-गीते ओळखता येतात.",
                "2": "इंग्रजी अक्षरे ओळखता येतात.",
                "3": "चित्रांची इंग्रजी नावे माहित आहेत.",
                "4": "इंग्रजी शब्द वाचता येतात.",
                "5": "जुळणारे शब्द बनविता येतात.",
                "6": "सोपी वाक्ये वाचता येतात.",
                "7": "सोप्या वाक्यांचा अर्थ समजतो."
            }
        },
        {
            "lang": "Hindi",
            "questionList": {
                "1": "क्या आप अंग्रेजी बाल गीत पहचान सकते हैं?",
                "2": "क्या आप अंग्रेजी अक्षर पहचान सकते हैं?",
                "3": "क्या आप चित्रों के अंग्रेजी नाम जानते हैं?",
                "4": "क्या अप अंग्रेजी शब्द पढ़ सकते हैं?",
                "5": "क्या आप मिलते जुलते शब्द बना सकते हैं?",
                "6": "क्या आप आसान वाक्य पढ़ सकते हैं?",
                "7": "क्या आप आसान वाक्यों का मतलब जानते हैं?"
            },
            "answerList": {
                "1": "अंग्रेजी बाल-गीत पहचानते हैं।",
                "2": "अंग्रेजी अक्षर पहचान सकते हैं।",
                "3": "चित्रों के अंग्रेजी नाम जानते हैं।",
                "4": "अंग्रेजी शब्द पढ़ सकते हैं।",
                "5": "मिलते जुलते शब्द बना सकते हैं।",
                "6": "आसान वाक्य पढ़ सकते हैं।",
                "7": "आसान वाक्यों का मतलब जानते हैं।"
            }
        },
        {
            "lang": "Gujarati",
            "questionList": {
                "1": "શું તમે અંગ્રેજી બાળગીત ઓળખી શકો છો?",
                "2": "શું તમે અંગ્રેજી મૂળાક્ષરો ઓળખી શકો છો?",
                "3": "શું તમે ચિત્રોનાં અંગ્રેજી નામ જાણો છો?",
                "4": "શું તમે અંગ્રેજી શબ્દો વાંચી શકો છો?",
                "5": "શું તમે સમાન લય(પ્રાસ)વાળા શબ્દો બનાવી શકો છો?",
                "6": "શું તમે સરળ વાક્યો વાંચી શકો છો?",
                "7": "શું તમે સરળ વાક્યોનો અર્થ જાણો છો?"
            },
            "answerList": {
                "1": "અંગ્રેજી બાળગીત ઓળખી શકો છો.",
                "2": "અંગ્રેજી મૂળાક્ષરો ઓળખી શકો છો.",
                "3": "ચિત્રોનાં અંગ્રેજી નામ જાણો છો.",
                "4": "અંગ્રેજી શબ્દો વાંચી શકો છો.",
                "5": "સમાન લય(પ્રાસ)વાળા શબ્દો બનાવી શકો છો.",
                "6": "સરળ વાક્યો વાંચી શકો છો.",
                "7": "સરળ વાક્યોનો અર્થ જાણો છો."
            }
        },
        {
            "lang": "Kannada",
            "questionList": {
                "1": "ನೀವು ಇಂಗ್ಲೀಷಿನ ಶಿಶು ಗೀತೆಗಳನ್ನು ಗುರುತಿಸಬಲ್ಲಿರಾ?",
                "2": "ನೀವು ಇಂಗ್ಲೀಷಿನ ಅಕ್ಷರಗಳನ್ನು ಗುರುತಿಸಬಲ್ಲಿರಾ?",
                "3": "ನೀವು ಚಿತ್ರಗಳ ಇಂಗ್ಲೀಷ್ ಹೆಸರುಗಳನ್ನು ಹೇಳಬಲ್ಲಿರಾ?",
                "4": "ನೀವು ಇಂಗ್ಲೀಷ್ ಪದಗಳನ್ನು ಓದಬಲ್ಲಿರಾ?",
                "5": "ನೀವು ಪ್ರಾಸ ಪದಗಳನ್ನು ರಚಿಸಬಲ್ಲಿರಾ?",
                "6": "ನೀವು ಸರಳ ವಾಕ್ಯಗಳನ್ನು ಓದಬಲ್ಲಿರಾ?",
                "7": "ನೀವು ಸರಳ ವಾಕ್ಯಗಳನ್ನು ಅರ್ಥ ಮಾಡಿಕೊಳ್ಳಬಲ್ಲಿರಾ?"
            },
            "answerList": {
                "1": "ಇಂಗ್ಲೀಷಿನ ಶಿಶು ಗೀತೆಗಳನ್ನು ಗುರುತಿಸಬಲ್ಲೆವು",
                "2": "ಇಂಗ್ಲೀಷಿನ ಅಕ್ಷರಗಳನ್ನು ಗುರುತಿಸಬಲ್ಲೆವು",
                "3": "ಚಿತ್ರಗಳ ಇಂಗ್ಲೀಷ್ ಹೆಸರುಗಳನ್ನು ಹೇಳಬಲ್ಲೆವು",
                "4": "ಇಂಗ್ಲೀಷ್ ಪದಗಳನ್ನು ಓದಬಲ್ಲೆವು",
                "5": "ಪ್ರಾಸ ಪದಗಳನ್ನು ರಚಿಸಬಲ್ಲೆವು",
                "6": "ಸರಳ ವಾಕ್ಯಗಳನ್ನು ಓದಬಲ್ಲೆವು",
                "7": "ಸರಳ ವಾಕ್ಯಗಳನ್ನು ಅರ್ಥಮಾಡಿಕೊಳ್ಳಬಲ್ಲೆವು"
            }
        },
        {
            "lang": "Bengali",
            "questionList": {
                "1": "তুমি কী ইংরেজি ছেলেভুলোনো ছড়া চিনতে পারো ?",
                "2": "তুমি কী ইংরেজি অক্ষর চিনতে পারো ?",
                "3": "তুমি কী ছবিগুলির ইংরেজি নাম জানো ?",
                "4": "তুমি কী ইংরেজি শব্দ পড়তে পারো ?",
                "5": "তুমি কী শব্দে মিল দিতে পারো ?",
                "6": "তুমি কী সরল বাক্য পড়তে পারো ?",
                "7": "তুমি কী সরল বাক্য বুঝতে পারো ?"
            },
            "answerList": {
                "1": "ইংরেজি ছেলেভুলোনো ছড়া চিনতে পারি|",
                "2": "ইংরেজি অক্ষর চিনতে পারি |",
                "3": "ছবিগুলির ইংরেজি নাম জানি |",
                "4": "ইংরেজি শব্দ পড়তে পারি |",
                "5": "শব্দে মিল দিতে পারি |",
                "6": "সরল বাক্য পড়তে পারি |",
                "7": "সরল বাক্য বুঝতে পারি|"
            }
        },
        {
            "lang": "Assamese",
            "questionList": {
                "1": "তোমালোকে ইংৰাজী ওমলা গীত চিনি পোৱা নে ?",
                "2": "তোমালোকে ইংৰাজীৰ বৰ্ণমালা চিনি পোৱা নে ?",
                "3": "তোমালোকে ছবি সমুহৰ ইংৰাজী নাম জানানে ?",
                "4": "তোমালোকে ইংৰাজী শব্দ পঢ়িব জানানে ?",
                "5": "তোমালোকে ছন্দযুক্ত শব্দ গঠন কৰিব জানানে?",
                "6": "তোমালোকে সাধাৰণ বাক্য় পঢ়িব জানানে?",
                "7": "তোমালোকে সাধাৰণ শব্দৰ বাক্য় পঢ়িব জানানে?"
            },
            "answerList": {
                "1": "আমি ইংৰাজী ওমলা গীত চিনি পাও",
                "2": "আমি ইংৰাজীৰ বৰ্ণমালা চিনি পাও",
                "3": "আমি ছবি সমুহৰ ইংৰাজী নাম জানো",
                "4": "আমি ইংৰাজী শব্দ পঢ়িব জানো",
                "5": "আমি ছন্দযুক্ত শব্দ গঠন কৰিব জানো",
                "6": "আমি সাধাৰণ বাক্য় পঢ়িব জানো",
                "7": "আমি সধাৰণ বাক্য়ৰ অৰ্থ জানো"
            }
        },
        {
            "lang": "Telugu",
            "questionList": {
                "1": "మీరు ఆంగ్ల బాలల గేయాలు గుర్తుపట్టగలరా?",
                "2": "మీరు ఆంగ్ల అక్షరాలను గుర్తుపట్టగలరా?",
                "3": "మీకు చిత్రాల ఆంగ్ల పేరు తెలుసా?",
                "4": "మీరు ఆంగ్ల పదాలు చదవగలరా?",
                "5": "మీరు ప్రాస పదాలను తయారు చేయగలరా?",
                "6": ":మీరు సరళ వాక్యాలను చదవగలరా ?",
                "7": "మీరు సరళ వాక్యాలను అర్ధం చేసుకోగలరా?"
            },
            "answerList": {
                "1": "ఆంగ్ల బాలల గేయాలను గుర్తుపట్టగలం",
                "2": "ఆంగ్ల అక్షరాలను గుర్తుపట్టగలం",
                "3": "చిత్రాల ఆంగ్ల పేరు తెలుసు",
                "4": "ఆంగ్ల పదాలు చదవగలం",
                "5": "ప్రాస పదాలను తయారు చేయగలం",
                "6": "సరళ వాక్యాలను చదవగలం",
                "7": "సరళ వాక్యాలను అర్ధం చేసుకోగలం"
            }
        },
        {
            "lang": "Tamil",
            "questionList": {
                "1": "உங்களுக்கு குழந்தை பாடல்கள் தெரியுமா ?",
                "2": "உங்களுக்கு ஆங்கில எழுத்துக்கள் தெரியுமா ?",
                "3": "உங்களால் இந்த படத்தில் உள்ளதை ஆங்கிலத்தில் சொல்ல முடியுமா ?",
                "4": "உங்களால் ஆங்கில வார்த்தைகள் வாசிக்க முடியுமா ?",
                "5": "உங்களால் எதுகை மோனையில் வார்த்தை அமைக்க முடியுமா ?",
                "6": "உங்களால் எளிய வாக்கியங்களை வாசிக்க முடியுமா ?",
                "7": "உங்களால் எளிய வாக்கியங்களை புரிந்து கொள்ள முடியுமா ?"
            },
            "answerList": {
                "1": "ஆம், எனக்கு குழந்தை பாடல்கள் தெரியும்",
                "2": "ஆம்,எனக்கு ஆங்கில எழுத்துக்கள் அனைத்தும் தெரியும்",
                "3": "ஆம், எனக்கு இந்த படத்தில் உள்ளதை ஆங்கிலத்தில் சொல்ல முடியும் .",
                "4": "ஆம், என்னால் ஆங்கில வார்த்தைகள் வாசிக்க முடியும்",
                "5": "ஆம், என்னால் எதுகை மோனையில் வார்த்தை அமைக்க முடியும்.",
                "6": "என்னால் எளிய வாக்கியங்களை வாசிக்க முடியும் .",
                "7": "ஆம், என்னால் எளிய வாக்கியங்களை புரிந்து கொள்ள முடியும்."
            }
        },
        {
            "lang": "Odia",
            "questionList": {
                "1": "ଆପଣ ଇଂରାଜୀର ପିଲାଙ୍କ ଗୀତ ଚିହ୍ନିପାରନ୍ତି କି ?",
                "2": "ଆପଣ ଇଁରାଜୀ ଅକ୍ଷର ଚିହ୍ନିପାରନ୍ତି କି ?",
                "3": "ଆପଣ ଚିତ୍ର ଗୁଡିକର ଇଁରାଜୀ ନାମ ଜାଣନ୍ତି କି ?",
                "4": "ଆପଣ ଇଁରାଜୀ ଶବ୍ଦ ପଢିପାରିବେ କି ?",
                "5": "ଆପଣ ଏକା ଭଳି ଶୁଭୁଥିବା ଶବ୍ଦ ତିଆରି କରିପାରିବେ କି ?",
                "6": "ଆପଣ ସରଳ ବାକ୍ୟ ପଢିପାରିବେ କି ?",
                "7": "ଆପଣ ସରଳ ବାକ୍ୟ ର ଅର୍ଥ ବୁଝି ପାରନ୍ତି କି ?"
            },
            "answerList": {
                "1": "ଇଂରାଜୀର ପିଲାଙ୍କ ଗୀତ ଚିହ୍ନିପାରେ |",
                "2": "ଇଁରାଜୀ ଅକ୍ଷର ଚିହ୍ନିପାରେ |",
                "3": "ଚିତ୍ର ଗୁଡିକର ଇଁରାଜୀ ନାମ ଜାଣେ |",
                "4": "ଇଁରାଜୀ ଶବ୍ଦ ପଢ଼ିପାରେ |",
                "5": "ଏକା ଭଳି ଶୁଭୁଥିବା ଶବ୍ଦ ତିଆରି କରିପାରିବି |",
                "6": "ସରଳ ବାକ୍ୟ ପଢ଼ିପାରିବି |",
                "7": "ସରଳ ବାକ୍ୟ ର ଅର୍ଥ ବୁଝିପାରେ |"
            }
        },
        {
            "lang": "Urdu",
            "questionList": {
                "1": "کیا آپ چھو ٹے بچوں کی ابتدائی انگریزی نظمیں پہچان سکتے ہیں؟",
                "2": "کیا آپ انگریزی حروف تہجی پہچان سکتے ہیں ؟",
                "3": "کیا آپ تصویروں کے انگریزی نام جانتے ہیں ؟",
                "4": "کیا آپ انگریزی الفاظ پڑھ سکتے ہیں ؟",
                "5": "کیا آپ ہم قافیہ الفاظ بناسکتے ہیں ؟",
                "6": "کیا آپ سادہ جملوں کے معنی سمجھ سکتے ہیں؟",
                "7": "کیا آپ سادہ جملوں کے معنی سمجھ سکتے ہیں؟"
            },
            "answerList": {
                "1": "چھوٹے بچوں کی انگریزی نظمیں پہچانتے ہیں۔",
                "2": "انگریزی حروف تہجی پہچان سکتے ہیں۔",
                "3": "تصویروں کے انگریزی نام جانتے ہیں ۔",
                "4": "انگریزی الفاظ پڑھ سکتے ہیں ۔",
                "5": "ہم قافیہ الفاظ بناسکتے ہیں ۔",
                "6": "سادہ جملے پڑھ سکتے ہیں ۔",
                "7": "سادہ جملوں کے معنی سمجھ سکتے ہیں ۔"
            }
        },
        {
            "lang": "Punjabi",
            "questionList": {
                "1": "ਕੀ ਤੁਸੀਂ ਅੰਗਰੇਜ਼ੀ ਕਵਿਤਾਵਾਂ ਪਹਿਚਾਣ ਸਕਦੇ ਹੋ?",
                "2": "ਕੀ ਤੁਸੀਂ ਅੰਗਰੇਜ਼ੀ ਅੱਖਰ ਪਹਿਚਾਣ ਸਕਦੇ ਹੋ?",
                "3": "ਕੀ ਤੁਸੀਂ ਚਿੱਤਰਾਂ ਦੇ ਅੰਗਰੇਜ਼ੀ ਨਾਮ ਜਾਣਦੇ ਹੋਂ?",
                "4": "ਕੀ ਤੁਸੀਂ ਅੰਗਰੇਜ਼ੀ ਸ਼ਬਦ ਪੜ੍ਹ ਸਕਦੇ ਹੋਂ?",
                "5": "ਕੀ ਤੁਸੀਂ ਮਿਲਦੇ-ਜੁਲਦੇ ਸ਼ਬਦ ਬਣਾ ਸਕਦੇ ਹੋਂ?",
                "6": "ਕੀ ਤੁਸੀਂ ਅੰਗਰੇਜ਼ੀ ਦੇ ਆਸਾਨ ਵਾਕ ਪੜ੍ਹ ਸਕਦੇ ਹੋਂ?",
                "7": "ਕੀ ਤੁਸੀਂ ਅੰਗਰੇਜ਼ੀ ਦੇ ਆਸਾਨ ਵਾਕਾਂ ਦਾ ਮਤਲਬ ਜਾਣਦੇ ਹੋਂ?"
            },
            "answerList": {
                "1": "ਅੰਗਰੇਜ਼ੀ ਕਵਿਤਾਵਾਂ ਪਹਿਚਾਣ ਸਕਦੇ ਹਾਂ.",
                "2": "ਅੰਗਰੇਜ਼ੀ ਅੱਖਰ ਪਹਿਚਾਣ ਸਕਦੇ ਹਾਂ.",
                "3": "ਚਿੱਤਰਾਂ ਦੇ ਅੰਗਰੇਜ਼ੀ ਨਾਮ ਜਾਣਦੇ ਹਾਂ.",
                "4": "ਅੰਗਰੇਜ਼ੀ ਸ਼ਬਦ ਪੜ੍ਹ ਸਕਦੇ ਹਾਂ.",
                "5": "ਮਿਲਦੇ-ਜੁਲਦੇ ਸ਼ਬਦ ਬਣਾ ਸਕਦੇ ਹਾਂ.",
                "6": "ਅਸਾਨ ਵਾਕ ਪੜ੍ਹ ਸਕਦੇ ਹਾਂ.",
                "7": "ਅਸਾਨ ਵਾਕਾਂ ਦਾ ਮਤਲਬ ਜਾਣਦੇ ਹਾਂ."
            }
        }
    ]
}